name,id,price
Jack & Jones | Classic Unisex Tee,,42.75
Jack & Jones | Classic Womens Tee,,42.39
Jack & Jones | Classic Oversize T,,42.39
Jack & Jones | Classic Polo Pique,,42.75
Jack & Jones | Classic Hood,,42.39
Jack & Jones | Classic Unisex Sweat,,42.39
Jack & Jones | Classic Zip Hood,,42.39
New Morning Studios | NM 010,NM 010,57.00
New Morning Studios | NM 011,NM 011,57.00
New Morning Studios | NM 013,NM 013,57.00
New Morning Studios | NM 021,NM 021,57.00
New Morning Studios | NM 030,NM 030,57.00
New Morning Studios | NM 031,NM 031,57.00
New Morning Studios | NM 032,NM 032,57.00
New Morning Studios | NM 033,NM 033,57.00
New Morning Studios | NM 003,NM 003,57.00
New Morning Studios | NM 038,NM 038,57.00
New Morning Studios | NM 006,NM 006,57.00
New Morning Studios | NM 007,NM 007,57.00
New Morning Studios | NM 016,NM 016,57.00
New Morning Studios | NM 026,NM 026,57.00
SOL'S | Stream Jacket Men,,25.44
SOL'S | Stream Jacket Women,,25.44
Stedman | Seamless Sports Jacket Men,,05.88
Stedman | Seamless Sports Jacket Women,,05.89
Stedman | Lux Knit Fleece Jacket Men,,05.54
Stedman | Lux Knit Fleece Jacket Women,,05.55
